epoch,micro_f1,macro_f1,ndcg_at_5,mrr_at_5,map,micro_f1_yf,macro_f1_yf,ndcg_at_5_yf,mrr_at_5_yf,map_yf
0,0.31055900621118004,0.3157894736842105,0.5899,0.5548,0.5381,0.32919254658385094,0.3358540280613926,0.6451,0.6018,0.5865
1,0.30434782608695654,0.30919260002868215,0.5939,0.5548,0.546,0.32919254658385094,0.3358540280613926,0.6444,0.6018,0.5852
2,0.30434782608695654,0.30919260002868215,0.5963,0.568,0.546,0.32919254658385094,0.3358540280613926,0.6469,0.6149,0.5852
3,0.30434782608695654,0.30919260002868215,0.5963,0.568,0.546,0.32919254658385094,0.3358540280613926,0.6469,0.6149,0.5852
4,0.30434782608695654,0.30919260002868215,0.5963,0.568,0.546,0.32919254658385094,0.3358540280613926,0.6469,0.6149,0.5852
5,0.30434782608695654,0.30919260002868215,0.5963,0.568,0.546,0.32919254658385094,0.3358540280613926,0.6469,0.6149,0.5852
6,0.30434782608695654,0.30919260002868215,0.5963,0.568,0.546,0.32919254658385094,0.3358540280613926,0.6469,0.6149,0.5852
7,0.30434782608695654,0.30919260002868215,0.5963,0.568,0.546,0.32919254658385094,0.3358540280613926,0.6469,0.6149,0.5852
8,0.31055900621118004,0.3157894736842105,0.5924,0.568,0.5381,0.32919254658385094,0.3358540280613926,0.6476,0.6149,0.5865
9,0.31055900621118004,0.3157894736842105,0.5924,0.568,0.5381,0.32919254658385094,0.3358540280613926,0.6487,0.6162,0.5879
10,0.3167701863354037,0.32125984251968503,0.6047,0.5732,0.5477,0.32298136645962733,0.32925993143778987,0.6413,0.6118,0.5879
11,0.31055900621118004,0.3157894736842105,0.5874,0.5504,0.5333,0.32919254658385094,0.33557578155916107,0.6193,0.5886,0.5652
12,0.25465838509316774,0.2618452606335985,0.6027,0.5724,0.558,0.2981366459627329,0.3035780719991247,0.6354,0.6048,0.5799
13,0.28571428571428575,0.2903858631349949,0.5675,0.525,0.5099,0.31055900621118004,0.31380604944393287,0.5924,0.557,0.5393
14,0.2670807453416149,0.27434310968260356,0.5914,0.5447,0.5326,0.2981366459627329,0.30469005041894887,0.6322,0.5864,0.5779
15,0.2670807453416149,0.2747504709985169,0.5852,0.5544,0.5316,0.2981366459627329,0.30301744632603056,0.6187,0.5974,0.5629
16,0.2608695652173913,0.26816220880069025,0.5465,0.5066,0.4887,0.2795031055900621,0.29149797570850206,0.5939,0.5658,0.5414
17,0.2422360248447205,0.2508203176269852,0.5559,0.5228,0.5041,0.2608695652173913,0.26775389177168274,0.5875,0.5645,0.5326
18,0.2608695652173913,0.2670690866994667,0.5431,0.5022,0.4833,0.2919254658385093,0.29851210304241627,0.5814,0.5373,0.5254
19,0.2795031055900621,0.2857419080397541,0.5903,0.5579,0.5405,0.32298136645962733,0.3337612323491657,0.6393,0.6118,0.5817
20,0.27329192546583847,0.27914934062017355,0.5373,0.4943,0.4798,0.30434782608695654,0.3089107489050047,0.5856,0.5461,0.5224
21,0.2919254658385093,0.29627910458935397,0.6048,0.5531,0.5444,0.32919254658385094,0.3399456873141084,0.6518,0.6123,0.5814
22,0.2422360248447205,0.26031027529731293,0.5485,0.5004,0.4874,0.2795031055900621,0.29788388497015744,0.6096,0.5746,0.5439
23,0.27329192546583847,0.2795637743006164,0.5785,0.5425,0.5247,0.2981366459627329,0.3018867924528302,0.6083,0.5864,0.5488
24,0.2795031055900621,0.28463064534951577,0.549,0.5,0.4841,0.3167701863354037,0.3216833833109296,0.6109,0.5645,0.5466
25,0.28571428571428575,0.29024520663050957,0.5284,0.489,0.4626,0.32919254658385094,0.34034657459098383,0.5909,0.5425,0.5072
26,0.2919254658385093,0.29781970805630875,0.5643,0.5083,0.4882,0.3167701863354037,0.32717562892553653,0.6381,0.593,0.5655
27,0.2670807453416149,0.27213861547222,0.5704,0.5338,0.5142,0.2981366459627329,0.309414181483318,0.6173,0.5789,0.556
28,0.2981366459627329,0.30301744632603056,0.624,0.5864,0.5689,0.3602484472049689,0.37004735948530065,0.6804,0.6447,0.5987
29,0.28571428571428575,0.2924714943743865,0.5735,0.5294,0.5066,0.32919254658385094,0.3350171912192542,0.6184,0.5842,0.5513
30,0.2670807453416149,0.26843765565332894,0.5417,0.5114,0.4817,0.3167701863354037,0.32182419399283557,0.6186,0.5816,0.5447
31,0.27329192546583847,0.2780349814733655,0.586,0.557,0.5319,0.2981366459627329,0.3044132069303695,0.6257,0.6075,0.5727
32,0.25465838509316774,0.26225132208511714,0.5372,0.4846,0.4592,0.28571428571428575,0.2993666739462765,0.588,0.5285,0.5082
33,0.2422360248447205,0.25082031762698526,0.5655,0.5285,0.5183,0.2795031055900621,0.292914264459736,0.5997,0.5697,0.5394
34,0.30434782608695654,0.31612903225806455,0.6018,0.5557,0.5365,0.32298136645962733,0.3358774645592309,0.6561,0.607,0.5925
35,0.23602484472049692,0.23173431734317346,0.485,0.4627,0.4428,0.2608695652173913,0.254229164817609,0.5347,0.4934,0.4749
36,0.2422360248447205,0.2471535982814179,0.5436,0.4991,0.4795,0.28571428571428575,0.28925486582978244,0.5898,0.5447,0.5168
37,0.2670807453416149,0.2604028589993503,0.5414,0.5154,0.489,0.28571428571428575,0.277972709551657,0.5835,0.557,0.5374
38,0.2919254658385093,0.2854108263908082,0.5776,0.5548,0.5158,0.30434782608695654,0.3039988238753307,0.6025,0.5776,0.5413
39,0.2422360248447205,0.23790608596964113,0.5211,0.5132,0.4797,0.2795031055900621,0.2738486842105263,0.5771,0.561,0.5289
40,0.2608695652173913,0.2545454545454546,0.5668,0.5447,0.5266,0.2795031055900621,0.2716388126714892,0.5791,0.5614,0.5398
41,0.2236024844720497,0.22184058995858175,0.4839,0.4373,0.4281,0.2484472049689441,0.24484926352498512,0.5163,0.4776,0.4583
42,0.2236024844720497,0.22001021972406748,0.4648,0.436,0.4174,0.2422360248447205,0.23790608596964113,0.4901,0.4583,0.4398
43,0.2236024844720497,0.21876609331548055,0.4888,0.4763,0.438,0.22981366459627328,0.22462495609853997,0.5015,0.4908,0.4538
44,0.2422360248447205,0.2369704749679076,0.5148,0.489,0.4633,0.2670807453416149,0.2594488703147447,0.5341,0.5044,0.4788
45,0.2608695652173913,0.2562661867345595,0.5501,0.5461,0.5092,0.2795031055900621,0.28063555114200595,0.5786,0.5645,0.5302
46,0.21739130434782605,0.21445404556166542,0.4847,0.4474,0.4355,0.2484472049689441,0.24329954173031526,0.5156,0.4781,0.4668
47,0.2111801242236025,0.2094993581514763,0.4762,0.4482,0.4341,0.2236024844720497,0.22077803203661334,0.4814,0.4583,0.4376
48,0.1987577639751553,0.19775891341256374,0.4873,0.4702,0.4491,0.23602484472049692,0.2315789473684211,0.5078,0.4833,0.4658
49,0.2236024844720497,0.21954594372982114,0.4696,0.4518,0.431,0.23602484472049692,0.23079777365491652,0.4897,0.4658,0.4509
50,0.2484472049689441,0.24500275077938743,0.5097,0.4978,0.4644,0.2795031055900621,0.2761633814265393,0.5862,0.5632,0.532
51,0.23602484472049692,0.23281393217231902,0.518,0.5009,0.4787,0.25465838509316774,0.24993921930574944,0.5312,0.5184,0.4954
52,0.22981366459627328,0.22571770334928232,0.5366,0.5228,0.5063,0.2484472049689441,0.2451559708671156,0.5568,0.5368,0.5266
53,0.23602484472049692,0.23157894736842108,0.5103,0.4943,0.4675,0.2670807453416149,0.26944891640866875,0.5816,0.5496,0.5316
54,0.27329192546583847,0.26783252059862117,0.5327,0.5009,0.4769,0.30434782608695654,0.29617744578680594,0.5662,0.5303,0.5019
55,0.18012422360248445,0.17939635819406335,0.4544,0.4189,0.4066,0.2111801242236025,0.20782171255476825,0.4758,0.4329,0.4244
56,0.23602484472049692,0.2315789473684211,0.5047,0.4886,0.4598,0.2670807453416149,0.2607187648661506,0.5476,0.5127,0.4933
57,0.2608695652173913,0.25438744291225124,0.5012,0.4667,0.4488,0.2795031055900621,0.27147909298939055,0.535,0.4965,0.4871
58,0.2484472049689441,0.24329954173031526,0.5338,0.511,0.4797,0.25465838509316774,0.24915897992403688,0.5472,0.5241,0.4981
59,0.25465838509316774,0.24868761049911606,0.5162,0.4868,0.4673,0.27329192546583847,0.2670493394673532,0.5371,0.5009,0.4886
60,0.25465838509316774,0.24978370583994233,0.5626,0.5491,0.5196,0.2795031055900621,0.2727498242857734,0.5701,0.5614,0.5267
61,0.23602484472049692,0.23188940092165905,0.5206,0.4952,0.4637,0.25465838509316774,0.24900212698556368,0.5332,0.5075,0.4795
62,0.19254658385093168,0.1914385964912281,0.4481,0.4373,0.4125,0.21739130434782605,0.21445404556166536,0.4813,0.4588,0.4414
63,0.1863354037267081,0.18481688091195733,0.4553,0.4171,0.4125,0.2049689440993789,0.20149578612490937,0.4767,0.4482,0.4368
64,0.2111801242236025,0.21024958756851683,0.5012,0.4737,0.4601,0.2484472049689441,0.24407779518849665,0.5629,0.5259,0.5175
65,0.2608695652173913,0.27030799821450313,0.5617,0.5513,0.5042,0.2919254658385093,0.30150167662924626,0.5929,0.5842,0.5345
66,0.2236024844720497,0.22077803203661334,0.4938,0.4627,0.451,0.2670807453416149,0.26756193177078996,0.5701,0.5412,0.5226
67,0.2608695652173913,0.269643148117973,0.4945,0.4649,0.4279,0.28571428571428575,0.29410795837388637,0.5687,0.5237,0.5038
68,0.21739130434782605,0.21521625846795212,0.4874,0.4702,0.4457,0.2484472049689441,0.25121627598407786,0.5302,0.4952,0.4788
69,0.21739130434782605,0.21551903474100276,0.4161,0.3781,0.36,0.2484472049689441,0.24667362971708828,0.4864,0.4342,0.422
70,0.22981366459627328,0.22618160131206208,0.4486,0.4075,0.398,0.2670807453416149,0.261190681622088,0.4879,0.4355,0.4222
71,0.23602484472049692,0.23235294117647062,0.4866,0.4579,0.4373,0.2608695652173913,0.2616833581930535,0.539,0.4895,0.4746
72,0.2670807453416149,0.26197207303974224,0.5698,0.5548,0.5151,0.2795031055900621,0.2826539837270548,0.6232,0.6009,0.5734
73,0.23602484472049692,0.23188940092165905,0.524,0.4947,0.473,0.25465838509316774,0.24900212698556368,0.5398,0.507,0.4839
74,0.23602484472049692,0.23142329020332722,0.5239,0.4895,0.473,0.25465838509316774,0.24852994555353908,0.546,0.5061,0.4939
75,0.2111801242236025,0.20889366272824922,0.4885,0.4711,0.4522,0.25465838509316774,0.255365800393099,0.533,0.4991,0.4754
76,0.2422360248447205,0.23821571866886948,0.4912,0.4605,0.4436,0.2919254658385093,0.2918047846889952,0.5516,0.4969,0.4819
77,0.21739130434782605,0.21399306649858182,0.4411,0.3886,0.3826,0.22981366459627328,0.22478195488721808,0.4792,0.4263,0.424
78,0.2422360248447205,0.23867809057527542,0.506,0.4811,0.4532,0.2670807453416149,0.26843765565332883,0.5538,0.5307,0.5084
79,0.2236024844720497,0.2198557618536137,0.4693,0.4447,0.4234,0.25465838509316774,0.24821379874556856,0.517,0.4754,0.4627
80,0.2049689440993789,0.20272289556699324,0.4582,0.4439,0.4158,0.22981366459627328,0.2252511620932674,0.493,0.4667,0.447
81,0.21739130434782605,0.21671826625386997,0.4611,0.443,0.4202,0.2422360248447205,0.23974736842105268,0.4804,0.457,0.4373
82,0.22981366459627328,0.2264894091968848,0.4634,0.4439,0.4115,0.2608695652173913,0.25719152653417776,0.4976,0.4776,0.4374
83,0.22981366459627328,0.22478195488721808,0.4837,0.4566,0.4364,0.27329192546583847,0.26641825803446667,0.5166,0.4833,0.4585
84,0.2422360248447205,0.24518525228734492,0.4984,0.4522,0.4399,0.2608695652173913,0.2649820098736508,0.5464,0.5018,0.4851
85,0.21739130434782605,0.2161210111893908,0.459,0.4307,0.4222,0.22981366459627328,0.22740590933754254,0.4872,0.4579,0.4516
86,0.2111801242236025,0.20980036297640656,0.4492,0.432,0.4161,0.2608695652173913,0.25533153924206997,0.4996,0.4654,0.4475
87,0.23602484472049692,0.2326605504587156,0.4582,0.4342,0.4182,0.2484472049689441,0.24392269016098525,0.4731,0.4474,0.4396
88,0.2422360248447205,0.23743954480796595,0.4462,0.4105,0.382,0.2670807453416149,0.2599270453361126,0.4956,0.4535,0.4294
89,0.19254658385093168,0.19113820185206898,0.4422,0.3974,0.3962,0.1987577639751553,0.19700711237553345,0.4542,0.411,0.4098
90,0.21739130434782605,0.22175106011474188,0.4631,0.4395,0.4171,0.2608695652173913,0.26168335819305344,0.5093,0.4776,0.4497
91,0.19254658385093168,0.18992312241277354,0.4347,0.4031,0.3908,0.2236024844720497,0.22062506362618353,0.4814,0.4504,0.4326
92,0.2049689440993789,0.20437684648210963,0.4334,0.4101,0.3956,0.2422360248447205,0.24490018148820333,0.4786,0.4491,0.4282
93,0.2049689440993789,0.2031777557100298,0.4517,0.4215,0.4026,0.22981366459627328,0.22571770334928232,0.4817,0.4491,0.432
94,0.21739130434782605,0.21445404556166536,0.4555,0.4382,0.4132,0.25465838509316774,0.2555119141136423,0.5035,0.4772,0.4509
95,0.19254658385093168,0.19143859649122813,0.4047,0.3689,0.3601,0.2422360248447205,0.23697047496790763,0.4856,0.436,0.4322
96,0.21739130434782605,0.21642022541619274,0.4357,0.4079,0.387,0.2484472049689441,0.24392269016098525,0.4761,0.4303,0.4175
97,0.23602484472049692,0.23281393217231902,0.4633,0.4228,0.4096,0.2608695652173913,0.2621205679789134,0.5253,0.4807,0.4662
98,0.2484472049689441,0.24361166304699416,0.4584,0.4075,0.3931,0.27329192546583847,0.2673633643757111,0.512,0.4632,0.4453
99,0.22981366459627328,0.2272538757776242,0.4609,0.432,0.4133,0.2484472049689441,0.2443871917556128,0.4836,0.4605,0.4424
